-- Pawnshop import data base --
use pawn_shop;

INSERT INTO `pawn_shop`.`finance` (`id`, `current_capital`, `strong_box_money`) VALUES ('1', '500000000', '1000000000');

-- bảng city

INSERT INTO `pawn_shop`.`city` (`name`, `prefix`) VALUES ('An Giang', 'Tỉnh');
INSERT INTO `pawn_shop`.`city` (`name`, `prefix`) VALUES ('Bà Rịa - Vũng Tàu', 'Tỉnh');
INSERT INTO `pawn_shop`.`city` (`name`, `prefix`) VALUES ('Bắc Giang', 'Tỉnh');
INSERT INTO `pawn_shop`.`city` (`name`, `prefix`) VALUES ('Bắc Cạn', 'Tỉnh');
INSERT INTO `pawn_shop`.`city` (`name`, `prefix`) VALUES ('Bạc Liêu', 'Tỉnh');
INSERT INTO `pawn_shop`.`city` (`name`, `prefix`) VALUES ('Bắc Ninh', 'Thành Phố');
INSERT INTO `pawn_shop`.`city` (`name`, `prefix`) VALUES ('Bến Tre', 'Tỉnh');
INSERT INTO `pawn_shop`.`city` (`name`, `prefix`) VALUES ('Bình Định', 'Tỉnh');
INSERT INTO `pawn_shop`.`city` (`name`, `prefix`) VALUES ('Bình Dương', 'Tỉnh');
INSERT INTO `pawn_shop`.`city` (`name`, `prefix`) VALUES ('Bình Phước', 'Tỉnh');
INSERT INTO `pawn_shop`.`city` (`name`, `prefix`) VALUES ('Bình Thuận', 'Tỉnh');
INSERT INTO `pawn_shop`.`city` (`name`, `prefix`) VALUES ('Cà Mau', 'Tỉnh');
INSERT INTO `pawn_shop`.`city` (`name`, `prefix`) VALUES ('Cần Thơ', 'Thành Phố');
INSERT INTO `pawn_shop`.`city` (`name`, `prefix`) VALUES ('Cao Bằng', 'Tỉnh');
INSERT INTO `pawn_shop`.`city` (`name`, `prefix`) VALUES ('Đà Nẵng', 'Thành Phố');
INSERT INTO `pawn_shop`.`city` (`name`, `prefix`) VALUES ('Đăk Lăk', 'Tỉnh');
INSERT INTO `pawn_shop`.`city` (`name`, `prefix`) VALUES ('Đăk Nông', 'Tỉnh');
INSERT INTO `pawn_shop`.`city` (`name`, `prefix`) VALUES ('Điện Biên', 'Tỉnh');
INSERT INTO `pawn_shop`.`city` (`name`, `prefix`) VALUES ('Đồng Nai', 'Tỉnh');
INSERT INTO `pawn_shop`.`city` (`name`, `prefix`) VALUES ('Đồng Tháp', 'Tỉnh');
INSERT INTO `pawn_shop`.`city` (`name`, `prefix`) VALUES ('Gia Lai', 'Tỉnh');
INSERT INTO `pawn_shop`.`city` (`name`, `prefix`) VALUES ('Hà Giang', 'Tỉnh');
INSERT INTO `pawn_shop`.`city` (`name`, `prefix`) VALUES ('Hà Nam', 'Tỉnh');
INSERT INTO `pawn_shop`.`city` (`name`, `prefix`) VALUES ('Hà Nội', 'Thủ Đô');
INSERT INTO `pawn_shop`.`city` (`name`, `prefix`) VALUES ('Hà Tĩnh', 'Tỉnh');
INSERT INTO `pawn_shop`.`city` (`name`, `prefix`) VALUES ('Hải Dương', 'Thành Phố');
INSERT INTO `pawn_shop`.`city` (`name`, `prefix`) VALUES ('Hải Phòng', 'Tỉnh');
INSERT INTO `pawn_shop`.`city` (`name`, `prefix`) VALUES ('Hậu Giang', 'Tỉnh');
INSERT INTO `pawn_shop`.`city` (`name`, `prefix`) VALUES ('Hòa Bình', 'Tỉnh');
INSERT INTO `pawn_shop`.`city` (`name`, `prefix`) VALUES ('Hưng Yên', 'Tỉnh');
INSERT INTO `pawn_shop`.`city` (`name`, `prefix`) VALUES ('Khánh Hòa', 'Tỉnh');
INSERT INTO `pawn_shop`.`city` (`name`, `prefix`) VALUES ('Kiên Giang', 'Tỉnh');
INSERT INTO `pawn_shop`.`city` (`name`, `prefix`) VALUES ('Kon Tum', 'Tỉnh');
INSERT INTO `pawn_shop`.`city` (`name`, `prefix`) VALUES ('Lai Châu', 'Tỉnh');
INSERT INTO `pawn_shop`.`city` (`name`, `prefix`) VALUES ('Lâm Đồng', 'Tỉnh');
INSERT INTO `pawn_shop`.`city` (`name`, `prefix`) VALUES ('Lạng Sơn', 'Tỉnh');
INSERT INTO `pawn_shop`.`city` (`name`, `prefix`) VALUES ('Lào Cai', 'Tỉnh');
INSERT INTO `pawn_shop`.`city` (`name`, `prefix`) VALUES ('Long An ', 'Tỉnh');
INSERT INTO `pawn_shop`.`city` (`name`, `prefix`) VALUES ('Nam Định', 'Tỉnh');
INSERT INTO `pawn_shop`.`city` (`name`, `prefix`) VALUES ('Nghệ An', 'Tỉnh');
INSERT INTO `pawn_shop`.`city` (`name`, `prefix`) VALUES ('Ninh Bình', 'Tỉnh');
INSERT INTO `pawn_shop`.`city` (`name`, `prefix`) VALUES ('Ninh Thuận ', 'Tỉnh');
INSERT INTO `pawn_shop`.`city` (`name`, `prefix`) VALUES ('Phú Thọ', 'Tỉnh');
INSERT INTO `pawn_shop`.`city` (`name`, `prefix`) VALUES ('Phú Yên', 'Tỉnh');
INSERT INTO `pawn_shop`.`city` (`name`, `prefix`) VALUES ('Quảng Bình', 'Tỉnh');
INSERT INTO `pawn_shop`.`city` (`name`, `prefix`) VALUES ('Quảng Nam', 'Tỉnh');
INSERT INTO `pawn_shop`.`city` (`name`, `prefix`) VALUES ('Quảng Ngãi', 'Tỉnh');
INSERT INTO `pawn_shop`.`city` (`name`, `prefix`) VALUES ('Quảng Ninh', 'Tỉnh');
INSERT INTO `pawn_shop`.`city` (`name`, `prefix`) VALUES ('Quảng Trị', 'Tỉnh');
INSERT INTO `pawn_shop`.`city` (`name`, `prefix`) VALUES ('Sóc Trăng', 'Tỉnh');
INSERT INTO `pawn_shop`.`city` (`name`, `prefix`) VALUES ('Sơn La', 'Tỉnh');
INSERT INTO `pawn_shop`.`city` (`name`, `prefix`) VALUES ('Tây Ninh', 'Tỉnh');
INSERT INTO `pawn_shop`.`city` (`name`, `prefix`) VALUES ('Thái Bình', 'Tỉnh');
INSERT INTO `pawn_shop`.`city` (`name`, `prefix`) VALUES ('Thái Nguyên', 'Tỉnh');
INSERT INTO `pawn_shop`.`city` (`name`, `prefix`) VALUES ('Thanh Hóa', 'Tỉnh');
INSERT INTO `pawn_shop`.`city` (`name`, `prefix`) VALUES ('Thừa Thiên Huế', 'Tỉnh');
INSERT INTO `pawn_shop`.`city` (`name`, `prefix`) VALUES ('Tiền Giang', 'Tỉnh');
INSERT INTO `pawn_shop`.`city` (`name`, `prefix`) VALUES ('Tp Hồ Chí Minh', 'Thành Phố');
INSERT INTO `pawn_shop`.`city` (`name`, `prefix`) VALUES ('Trà Vinh', 'Tỉnh');
INSERT INTO `pawn_shop`.`city` (`name`, `prefix`) VALUES ('Tuyên Quang', 'Tỉnh');
INSERT INTO `pawn_shop`.`city` (`name`, `prefix`) VALUES ('Vĩnh Long', 'Tỉnh');
INSERT INTO `pawn_shop`.`city` (`name`, `prefix`) VALUES ('Vĩnh Phúc', 'Tỉnh');
INSERT INTO `pawn_shop`.`city` (`name`, `prefix`) VALUES ('Yên Bái', 'Tỉnh');


-- Quận Huyện Bảng Distic

INSERT INTO `pawn_shop`.`district` (`name`, `prefix`, `city_id`) VALUES ('An Phú', 'Huyện', '1');
INSERT INTO `pawn_shop`.`district` (`name`, `prefix`, `city_id`) VALUES ('Tân Châu', 'Thị Xã', '1');
INSERT INTO `pawn_shop`.`district` (`name`, `prefix`, `city_id`) VALUES ('Phú Tân', 'Huyện', '1');
INSERT INTO `pawn_shop`.`district` (`name`, `prefix`, `city_id`) VALUES ('Châu Phú', 'Huyện', '1');
INSERT INTO `pawn_shop`.`district` (`name`, `prefix`, `city_id`) VALUES ('Tịnh Biên', 'Huyện', '1');
INSERT INTO `pawn_shop`.`district` (`name`, `prefix`, `city_id`) VALUES ('Tri Tôn', 'Huyện', '1');
INSERT INTO `pawn_shop`.`district` (`name`, `prefix`, `city_id`) VALUES ('Châu Thành', 'Huyện', '1');
INSERT INTO `pawn_shop`.`district` (`name`, `prefix`, `city_id`) VALUES ('Chợ Mới', 'Huyện', '1');
INSERT INTO `pawn_shop`.`district` (`name`, `prefix`, `city_id`) VALUES ('Thoại Sơn', 'Huyện', '1');
INSERT INTO `pawn_shop`.`district` (`name`, `prefix`, `city_id`) VALUES ('Phú Mỹ', 'Thị Xã', '2');
INSERT INTO `pawn_shop`.`district` (`name`, `prefix`, `city_id`) VALUES ('Vũng Tàu', 'Thành Phố', '2');
INSERT INTO `pawn_shop`.`district` (`name`, `prefix`, `city_id`) VALUES ('Bà Rịa', 'Thành Phố', '2');
INSERT INTO `pawn_shop`.`district` (`name`, `prefix`, `city_id`) VALUES ('Đất Đỏ', 'Huyện', '2');
INSERT INTO `pawn_shop`.`district` (`name`, `prefix`, `city_id`) VALUES ('Xuyên Mộc', 'Huyện', '2');
INSERT INTO `pawn_shop`.`district` (`name`, `prefix`, `city_id`) VALUES ('Long Điền', 'Huyện', '2');
INSERT INTO `pawn_shop`.`district` (`name`, `prefix`, `city_id`) VALUES ('Côn Đảo', 'Huyện', '2');
INSERT INTO `pawn_shop`.`district` (`name`, `prefix`, `city_id`) VALUES ('Châu Đức', 'Huyện', '2');
INSERT INTO `pawn_shop`.`district` (`name`, `prefix`, `city_id`) VALUES ('Bắc Giang ', 'Thành Phố', '3');
INSERT INTO `pawn_shop`.`district` (`name`, `prefix`, `city_id`) VALUES ('Yên Thế ', 'Huyện', '3');
INSERT INTO `pawn_shop`.`district` (`name`, `prefix`, `city_id`) VALUES ('Tân Yên', 'Huyện', '3');
INSERT INTO `pawn_shop`.`district` (`name`, `prefix`, `city_id`) VALUES ('Lạng Giang', 'Huyện', '3');
INSERT INTO `pawn_shop`.`district` (`name`, `prefix`, `city_id`) VALUES ('Lục Nam', 'Huyện', '3');
INSERT INTO `pawn_shop`.`district` (`name`, `prefix`, `city_id`) VALUES ('Lục Ngạn', 'Huyện ', '3');
INSERT INTO `pawn_shop`.`district` (`name`, `prefix`, `city_id`) VALUES ('Sơn Động', 'Huyện', '3');
INSERT INTO `pawn_shop`.`district` (`name`, `prefix`, `city_id`) VALUES ('Yên Dũng ', 'Huyện', '3');
INSERT INTO `pawn_shop`.`district` (`name`, `prefix`, `city_id`) VALUES ('Việt Yên', 'Huyện', '3');
INSERT INTO `pawn_shop`.`district` (`name`, `prefix`, `city_id`) VALUES ('Hiệp Hòa ', 'Huyện', '3');
INSERT INTO `pawn_shop`.`district` (`name`, `prefix`, `city_id`) VALUES ('Bắc Kạn', 'Thị Xã', '4');
INSERT INTO `pawn_shop`.`district` (`name`, `prefix`, `city_id`) VALUES ('Ba Bể', 'Huyện', '4');
INSERT INTO `pawn_shop`.`district` (`name`, `prefix`, `city_id`) VALUES ('Bạch Thông', 'Huyện', '4');
INSERT INTO `pawn_shop`.`district` (`name`, `prefix`, `city_id`) VALUES ('Chợ Đồn', 'Huyện', '4');
INSERT INTO `pawn_shop`.`district` (`name`, `prefix`, `city_id`) VALUES ('Na Rì', 'Huyện', '4');
INSERT INTO `pawn_shop`.`district` (`name`, `prefix`, `city_id`) VALUES ('Ngân Sơn', 'Huyện', '4');
INSERT INTO `pawn_shop`.`district` (`name`, `prefix`, `city_id`) VALUES ('Bạc Liêu', 'Thành Phố', '5');
INSERT INTO `pawn_shop`.`district` (`name`, `prefix`, `city_id`) VALUES ('Hồng Dân', 'Huyện', '5');
INSERT INTO `pawn_shop`.`district` (`name`, `prefix`, `city_id`) VALUES ('Phước Long', 'Huyện', '5');
INSERT INTO `pawn_shop`.`district` (`name`, `prefix`, `city_id`) VALUES ('Vĩnh Lợi', 'Huyện', '5');
INSERT INTO `pawn_shop`.`district` (`name`, `prefix`, `city_id`) VALUES ('Giá Rai', 'Huyện', '5');
INSERT INTO `pawn_shop`.`district` (`name`, `prefix`, `city_id`) VALUES ('Đông Hải', 'Huyện', '5');
INSERT INTO `pawn_shop`.`district` (`name`, `prefix`, `city_id`) VALUES ('Hòa Bình', 'Huyện', '5');
INSERT INTO `pawn_shop`.`district` (`name`, `prefix`, `city_id`) VALUES ('Bắc Ninh', 'Thành Phố', '6');
INSERT INTO `pawn_shop`.`district` (`name`, `prefix`, `city_id`) VALUES ('Yên Phong', 'Huyện', '6');
INSERT INTO `pawn_shop`.`district` (`name`, `prefix`, `city_id`) VALUES ('Quế Võ', 'Huyện', '6');
INSERT INTO `pawn_shop`.`district` (`name`, `prefix`, `city_id`) VALUES ('Tiên Du', 'Huyện', '6');
INSERT INTO `pawn_shop`.`district` (`name`, `prefix`, `city_id`) VALUES ('Từ Sơn', 'Huyện', '6');
INSERT INTO `pawn_shop`.`district` (`name`, `prefix`, `city_id`) VALUES ('Thuận Thành', 'Huyện', '6');
INSERT INTO `pawn_shop`.`district` (`name`, `prefix`, `city_id`) VALUES ('Gia Bình', 'Huyện', '6');
INSERT INTO `pawn_shop`.`district` (`name`, `prefix`, `city_id`) VALUES ('Lương Tài', 'Huyện', '6');
INSERT INTO `pawn_shop`.`district` (`name`, `prefix`, `city_id`) VALUES ('Bình Đại', 'Huyện', '7');
INSERT INTO `pawn_shop`.`district` (`name`, `prefix`, `city_id`) VALUES ('Châu Thành', 'Huyện', '7');
INSERT INTO `pawn_shop`.`district` (`name`, `prefix`, `city_id`) VALUES ('Giồng Trôm', 'Huyện', '7');
INSERT INTO `pawn_shop`.`district` (`name`, `prefix`, `city_id`) VALUES ('Ba Tri', 'Huyện', '7');
INSERT INTO `pawn_shop`.`district` (`name`, `prefix`, `city_id`) VALUES ('Chợ Lách', 'Huyện', '7');
INSERT INTO `pawn_shop`.`district` (`name`, `prefix`, `city_id`) VALUES ('Mỏ Cày Nam', 'Huyện', '7');
INSERT INTO `pawn_shop`.`district` (`name`, `prefix`, `city_id`) VALUES ('Mỏ Cày Bắc', 'Huyện', '7');
INSERT INTO `pawn_shop`.`district` (`name`, `prefix`, `city_id`) VALUES ('Thạnh Phú', 'Huyện', '7');
INSERT INTO `pawn_shop`.`district` (`name`, `prefix`, `city_id`) VALUES ('Bến Tre', 'Thị Xã', '7');
INSERT INTO `pawn_shop`.`district` (`name`, `prefix`, `city_id`) VALUES ('Quy Nhơn', 'Thành Phố', '8');
INSERT INTO `pawn_shop`.`district` (`name`, `prefix`, `city_id`) VALUES ('An Nhơn', 'Thị Xã', '8');
INSERT INTO `pawn_shop`.`district` (`name`, `prefix`, `city_id`) VALUES ('Tuy Phước', 'Huyện', '8');
INSERT INTO `pawn_shop`.`district` (`name`, `prefix`, `city_id`) VALUES ('Phù Cát', 'Huyện', '8');
INSERT INTO `pawn_shop`.`district` (`name`, `prefix`, `city_id`) VALUES ('Phù Mỹ', 'Huyện', '8');
INSERT INTO `pawn_shop`.`district` (`name`, `prefix`, `city_id`) VALUES ('Hoài Nhơn', 'Huyện', '8');
INSERT INTO `pawn_shop`.`district` (`name`, `prefix`, `city_id`) VALUES ('Hoài Ân', 'Huyện', '8');
INSERT INTO `pawn_shop`.`district` (`name`, `prefix`, `city_id`) VALUES ('An Lão', 'Huyện', '8');
INSERT INTO `pawn_shop`.`district` (`name`, `prefix`, `city_id`) VALUES ('Tây Sơn', 'Huyện', '8');
INSERT INTO `pawn_shop`.`district` (`name`, `prefix`, `city_id`) VALUES ('Vân Canh ', 'Huyện', '8');
INSERT INTO `pawn_shop`.`district` (`name`, `prefix`, `city_id`) VALUES ('Vĩnh Thạnh', 'Huyện', '8');
INSERT INTO `pawn_shop`.`district` (`name`, `prefix`, `city_id`) VALUES ('Phủ Dầu Một', 'Thị Xã', '9');
INSERT INTO `pawn_shop`.`district` (`name`, `prefix`, `city_id`) VALUES ('Bến Cát', 'Huyện', '9');
INSERT INTO `pawn_shop`.`district` (`name`, `prefix`, `city_id`) VALUES ('Dầu Tiếng', 'Huyện', '9');
INSERT INTO `pawn_shop`.`district` (`name`, `prefix`, `city_id`) VALUES ('Dĩ An', 'Huyện', '9');
INSERT INTO `pawn_shop`.`district` (`name`, `prefix`, `city_id`) VALUES ('Phú Giáo', 'Huyện', '9');
INSERT INTO `pawn_shop`.`district` (`name`, `prefix`, `city_id`) VALUES ('Tân Uyên', 'Huyện', '9');
INSERT INTO `pawn_shop`.`district` (`name`, `prefix`, `city_id`) VALUES ('Thuận An', 'Huyện', '9');
INSERT INTO `pawn_shop`.`district` (`name`, `prefix`, `city_id`) VALUES ('Đồng Xoài', 'Thành Phố', '10');
INSERT INTO `pawn_shop`.`district` (`name`, `prefix`, `city_id`) VALUES ('Phước Long ', 'Thị Xã', '10');
INSERT INTO `pawn_shop`.`district` (`name`, `prefix`, `city_id`) VALUES ('Bình Long', 'Thị Xã', '10');
INSERT INTO `pawn_shop`.`district` (`name`, `prefix`, `city_id`) VALUES ('Chơn Thành', 'Thị Xã', '10');
INSERT INTO `pawn_shop`.`district` (`name`, `prefix`, `city_id`) VALUES ('Đồng Phú ', 'Huyện', '10');
INSERT INTO `pawn_shop`.`district` (`name`, `prefix`, `city_id`) VALUES ('Bù Đốp', 'Huyện', '10');
INSERT INTO `pawn_shop`.`district` (`name`, `prefix`, `city_id`) VALUES ('Bù Gia Mập', 'Huyện', '10');
INSERT INTO `pawn_shop`.`district` (`name`, `prefix`, `city_id`) VALUES ('Lộc Ninh', 'Huyện', '10');
INSERT INTO `pawn_shop`.`district` (`name`, `prefix`, `city_id`) VALUES ('Hớn Quản', 'Huyện', '10');
INSERT INTO `pawn_shop`.`district` (`name`, `prefix`, `city_id`) VALUES ('Phú Riềng', 'Huyện', '10');
INSERT INTO `pawn_shop`.`district` (`name`, `prefix`, `city_id`) VALUES ('Phan Thiết', 'Thị Xã', '11');
INSERT INTO `pawn_shop`.`district` (`name`, `prefix`, `city_id`) VALUES ('Bắc Bình', 'Huyện', '11');
INSERT INTO `pawn_shop`.`district` (`name`, `prefix`, `city_id`) VALUES ('Đức Linh', 'Huyện', '11');
INSERT INTO `pawn_shop`.`district` (`name`, `prefix`, `city_id`) VALUES ('Hàm Tân', 'Huyện', '11');
INSERT INTO `pawn_shop`.`district` (`name`, `prefix`, `city_id`) VALUES ('Hàm Thuận Bắc', 'Huyện', '11');
INSERT INTO `pawn_shop`.`district` (`name`, `prefix`, `city_id`) VALUES ('Hàm Thuận Nam', 'Huyện', '11');
INSERT INTO `pawn_shop`.`district` (`name`, `prefix`, `city_id`) VALUES ('Phú quý', 'Huyện', '11');
INSERT INTO `pawn_shop`.`district` (`name`, `prefix`, `city_id`) VALUES ('Tánh Linh', 'Huyện', '11');
INSERT INTO `pawn_shop`.`district` (`name`, `prefix`, `city_id`) VALUES ('Tuy Phong', 'Huyện', '11');
INSERT INTO `pawn_shop`.`district` (`name`, `prefix`, `city_id`) VALUES ('Cái Nước ', 'Huyện', '12');
INSERT INTO `pawn_shop`.`district` (`name`, `prefix`, `city_id`) VALUES ('Đầm Dơi', 'Huyện', '12');
INSERT INTO `pawn_shop`.`district` (`name`, `prefix`, `city_id`) VALUES ('Năm Căn', 'Huyện', '12');
INSERT INTO `pawn_shop`.`district` (`name`, `prefix`, `city_id`) VALUES ('Ngọc Hiển', 'Huyện', '12');
INSERT INTO `pawn_shop`.`district` (`name`, `prefix`, `city_id`) VALUES ('Phú Tân', 'Huyện', '12');
INSERT INTO `pawn_shop`.`district` (`name`, `prefix`, `city_id`) VALUES ('Thới Bình', 'Huyện', '12');
INSERT INTO `pawn_shop`.`district` (`name`, `prefix`, `city_id`) VALUES ('Trần Văn Thời', 'Huyện', '12');
INSERT INTO `pawn_shop`.`district` (`name`, `prefix`, `city_id`) VALUES ('U Minh', 'Huyện', '12');
INSERT INTO `pawn_shop`.`district` (`name`, `prefix`, `city_id`) VALUES ('Ninh Kiều', 'Quận', '13');
INSERT INTO `pawn_shop`.`district` (`name`, `prefix`, `city_id`) VALUES ('Bình Thủy', 'Quận', '13');
INSERT INTO `pawn_shop`.`district` (`name`, `prefix`, `city_id`) VALUES ('Cái Răng', 'Quận', '13');
INSERT INTO `pawn_shop`.`district` (`name`, `prefix`, `city_id`) VALUES ('Ô Môn', 'Quận', '13');
INSERT INTO `pawn_shop`.`district` (`name`, `prefix`, `city_id`) VALUES ('Phong Điền', 'Huyện', '13');
INSERT INTO `pawn_shop`.`district` (`name`, `prefix`, `city_id`) VALUES ('Cờ Đỏ', 'Huyện', '13');
INSERT INTO `pawn_shop`.`district` (`name`, `prefix`, `city_id`) VALUES ('Vĩnh Thạnh', 'Huyện', '13');
INSERT INTO `pawn_shop`.`district` (`name`, `prefix`, `city_id`) VALUES ('Thốt Nốt', 'Huyện', '13');
INSERT INTO `pawn_shop`.`district` (`name`, `prefix`, `city_id`) VALUES ('Cao Bằng', 'Thị Xã', '14');
INSERT INTO `pawn_shop`.`district` (`name`, `prefix`, `city_id`) VALUES ('Hòa An', 'Huyện', '14');
INSERT INTO `pawn_shop`.`district` (`name`, `prefix`, `city_id`) VALUES ('Quảng Uyên', 'Huyện', '14');
INSERT INTO `pawn_shop`.`district` (`name`, `prefix`, `city_id`) VALUES ('Phục Hòa', 'Huyện', '14');
INSERT INTO `pawn_shop`.`district` (`name`, `prefix`, `city_id`) VALUES ('Trà Lĩnh', 'Huyện', '14');
INSERT INTO `pawn_shop`.`district` (`name`, `prefix`, `city_id`) VALUES ('Thạch An', 'Huyện', '14');
INSERT INTO `pawn_shop`.`district` (`name`, `prefix`, `city_id`) VALUES ('Nguyên Bình ', 'Huyện', '14');
INSERT INTO `pawn_shop`.`district` (`name`, `prefix`, `city_id`) VALUES ('Bảo Lạc', 'Huyện', '14');
INSERT INTO `pawn_shop`.`district` (`name`, `prefix`, `city_id`) VALUES ('Bảo Lâm', 'Huyện', '14');
INSERT INTO `pawn_shop`.`district` (`name`, `prefix`, `city_id`) VALUES ('Trùng Khánh', 'Huyện', '14');
INSERT INTO `pawn_shop`.`district` (`name`, `prefix`, `city_id`) VALUES ('Hạ Lang', 'Huyện', '14');
INSERT INTO `pawn_shop`.`district` (`name`, `prefix`, `city_id`) VALUES ('Thông Nông', 'Huyện', '14');
INSERT INTO `pawn_shop`.`district` (`name`, `prefix`, `city_id`) VALUES ('Hà Quảng', 'Huyện', '14');
INSERT INTO `pawn_shop`.`district` (`name`, `prefix`, `city_id`) VALUES ('Hải Châu', 'Quận', '15');
INSERT INTO `pawn_shop`.`district` (`name`, `prefix`, `city_id`) VALUES ('Cẩm Lệ', 'Quận', '15');
INSERT INTO `pawn_shop`.`district` (`name`, `prefix`, `city_id`) VALUES ('Thanh Khê', 'Quận', '15');
INSERT INTO `pawn_shop`.`district` (`name`, `prefix`, `city_id`) VALUES ('Liên Chiểu', 'Quận', '15');
INSERT INTO `pawn_shop`.`district` (`name`, `prefix`, `city_id`) VALUES ('Ngũ Hành Sơn', 'Quận', '15');
INSERT INTO `pawn_shop`.`district` (`name`, `prefix`, `city_id`) VALUES ('Sơn Trà', 'Quận', '15');
INSERT INTO `pawn_shop`.`district` (`name`, `prefix`, `city_id`) VALUES ('Hòa Vang ', 'Huyện', '15');
INSERT INTO `pawn_shop`.`district` (`name`, `prefix`, `city_id`) VALUES ('Hoàng Sa', 'Huyện', '15');
INSERT INTO `pawn_shop`.`district` (`name`, `prefix`, `city_id`) VALUES ('Krông Ana', 'Huyện', '16');
INSERT INTO `pawn_shop`.`district` (`name`, `prefix`, `city_id`) VALUES ('Ea Kar', 'Huyện', '16');
INSERT INTO `pawn_shop`.`district` (`name`, `prefix`, `city_id`) VALUES ('Krông Búk', 'Huyện', '16');
INSERT INTO `pawn_shop`.`district` (`name`, `prefix`, `city_id`) VALUES ('M\'Dắk', 'Huyện', '16');
INSERT INTO `pawn_shop`.`district` (`name`, `prefix`, `city_id`) VALUES ('Ea H\'Leo', 'Huyện', '16');
INSERT INTO `pawn_shop`.`district` (`name`, `prefix`, `city_id`) VALUES ('Cư M\'Gar', 'Huyện', '16');
INSERT INTO `pawn_shop`.`district` (`name`, `prefix`, `city_id`) VALUES ('Buôn Đôn', 'Huyện', '16');
INSERT INTO `pawn_shop`.`district` (`name`, `prefix`, `city_id`) VALUES ('Ea Súp', 'Huyện', '16');
INSERT INTO `pawn_shop`.`district` (`name`, `prefix`, `city_id`) VALUES ('Krông Bông', 'Huyện', '16');
INSERT INTO `pawn_shop`.`district` (`name`, `prefix`, `city_id`) VALUES ('Krông Năng', 'Huyện', '16');
INSERT INTO `pawn_shop`.`district` (`name`, `prefix`, `city_id`) VALUES ('Lắk', 'Huyện', '16');
INSERT INTO `pawn_shop`.`district` (`name`, `prefix`, `city_id`) VALUES ('Krông Pắc', 'Huyện', '16');
INSERT INTO `pawn_shop`.`district` (`name`, `prefix`, `city_id`) VALUES ('Cư Kuin', 'Huyện', '16');
INSERT INTO `pawn_shop`.`district` (`name`, `prefix`, `city_id`) VALUES ('Buôn Ma Thuột', 'Thành Phố', '16');
INSERT INTO `pawn_shop`.`district` (`name`, `prefix`, `city_id`) VALUES ('Cư Jút', 'Huyện', '17');
INSERT INTO `pawn_shop`.`district` (`name`, `prefix`, `city_id`) VALUES ('Đắk Mil', 'Huyện', '17');
INSERT INTO `pawn_shop`.`district` (`name`, `prefix`, `city_id`) VALUES ('Krông Nô', 'Huyện', '17');
INSERT INTO `pawn_shop`.`district` (`name`, `prefix`, `city_id`) VALUES ('Đắk Song', 'Huyện', '17');
INSERT INTO `pawn_shop`.`district` (`name`, `prefix`, `city_id`) VALUES ('Đắk R\'Lấp', 'Huyện', '17');
INSERT INTO `pawn_shop`.`district` (`name`, `prefix`, `city_id`) VALUES ('Đắk Glong', 'Huyện', '17');
INSERT INTO `pawn_shop`.`district` (`name`, `prefix`, `city_id`) VALUES ('Tuy Đức ', 'Huyện', '17');
INSERT INTO `pawn_shop`.`district` (`name`, `prefix`, `city_id`) VALUES ('Gia Nghĩa', 'Thị Xã', '17');
INSERT INTO `pawn_shop`.`district` (`name`, `prefix`, `city_id`) VALUES ('Điện Biên Phủ', 'Thành Phố', '18');
INSERT INTO `pawn_shop`.`district` (`name`, `prefix`, `city_id`) VALUES ('Mường Lay', 'Thị Xã', '18');
INSERT INTO `pawn_shop`.`district` (`name`, `prefix`, `city_id`) VALUES ('Điện Biên', 'Huyện', '18');
INSERT INTO `pawn_shop`.`district` (`name`, `prefix`, `city_id`) VALUES ('Điện Biên Đông', 'Huyện', '18');
INSERT INTO `pawn_shop`.`district` (`name`, `prefix`, `city_id`) VALUES ('Mường Ảng', 'Huyện', '18');
INSERT INTO `pawn_shop`.`district` (`name`, `prefix`, `city_id`) VALUES ('Mường Chà', 'Huyện', '18');
INSERT INTO `pawn_shop`.`district` (`name`, `prefix`, `city_id`) VALUES ('Mường nhé ', 'Huyện', '18');
INSERT INTO `pawn_shop`.`district` (`name`, `prefix`, `city_id`) VALUES ('Nậm Pồ', 'Huyện', '18');
INSERT INTO `pawn_shop`.`district` (`name`, `prefix`, `city_id`) VALUES ('Tủa Chùa', 'Huyện', '18');
INSERT INTO `pawn_shop`.`district` (`name`, `prefix`, `city_id`) VALUES ('Tuần Giáo', 'Huyện', '18');
INSERT INTO `pawn_shop`.`district` (`name`, `prefix`, `city_id`) VALUES ('Biên Hòa', 'Thành Phố', '19');
INSERT INTO `pawn_shop`.`district` (`name`, `prefix`, `city_id`) VALUES ('Vĩnh An', 'Thị Xã', '19');
INSERT INTO `pawn_shop`.`district` (`name`, `prefix`, `city_id`) VALUES ('Định Quán', 'Huyện', '19');
INSERT INTO `pawn_shop`.`district` (`name`, `prefix`, `city_id`) VALUES ('Long Thành', 'Huyện', '19');
INSERT INTO `pawn_shop`.`district` (`name`, `prefix`, `city_id`) VALUES ('Long Khánh', 'Huyện', '19');
INSERT INTO `pawn_shop`.`district` (`name`, `prefix`, `city_id`) VALUES ('Tân Phú', 'Huyện', '19');
INSERT INTO `pawn_shop`.`district` (`name`, `prefix`, `city_id`) VALUES ('Thống Nhất', 'Huyện', '19');
INSERT INTO `pawn_shop`.`district` (`name`, `prefix`, `city_id`) VALUES ('Xuân Lộc', 'Huyện', '19');
INSERT INTO `pawn_shop`.`district` (`name`, `prefix`, `city_id`) VALUES ('Sa Đéc', 'Thị Xã', '20');
INSERT INTO `pawn_shop`.`district` (`name`, `prefix`, `city_id`) VALUES ('Cao Lãnh', 'Huyện', '20');
INSERT INTO `pawn_shop`.`district` (`name`, `prefix`, `city_id`) VALUES ('Châu Thành', 'Huyện', '20');
INSERT INTO `pawn_shop`.`district` (`name`, `prefix`, `city_id`) VALUES ('Hồng Ngự', 'Huyện', '20');
INSERT INTO `pawn_shop`.`district` (`name`, `prefix`, `city_id`) VALUES ('Lấp Vò', 'Huyện', '20');
INSERT INTO `pawn_shop`.`district` (`name`, `prefix`, `city_id`) VALUES ('Tam Nông', 'Huyện', '20');
INSERT INTO `pawn_shop`.`district` (`name`, `prefix`, `city_id`) VALUES ('Pleiku', 'Thị Xã', '21');
INSERT INTO `pawn_shop`.`district` (`name`, `prefix`, `city_id`) VALUES ('An Khê', 'Huyện', '21');
INSERT INTO `pawn_shop`.`district` (`name`, `prefix`, `city_id`) VALUES ('Ayun Pa', 'Huyện', '21');
INSERT INTO `pawn_shop`.`district` (`name`, `prefix`, `city_id`) VALUES ('Chư Păh', 'Huyện', '21');
INSERT INTO `pawn_shop`.`district` (`name`, `prefix`, `city_id`) VALUES ('Chư Prông', 'Huyện', '21');
INSERT INTO `pawn_shop`.`district` (`name`, `prefix`, `city_id`) VALUES ('Chư Sê', 'Huyện', '21');
INSERT INTO `pawn_shop`.`district` (`name`, `prefix`, `city_id`) VALUES ('KBang', 'Huyện', '21');
INSERT INTO `pawn_shop`.`district` (`name`, `prefix`, `city_id`) VALUES ('Kông Chro', 'Huyện', '21');
INSERT INTO `pawn_shop`.`district` (`name`, `prefix`, `city_id`) VALUES ('Krông Pa', 'Huyện', '21');
INSERT INTO `pawn_shop`.`district` (`name`, `prefix`, `city_id`) VALUES ('Mang Yang', 'Huyện', '21');
INSERT INTO `pawn_shop`.`district` (`name`, `prefix`, `city_id`) VALUES ('Bắc Mê', 'Huyện', '22');
INSERT INTO `pawn_shop`.`district` (`name`, `prefix`, `city_id`) VALUES ('Bắc Quang', 'Huyện', '22');
INSERT INTO `pawn_shop`.`district` (`name`, `prefix`, `city_id`) VALUES ('Hoàng Su Phì', 'Huyện', '22');
INSERT INTO `pawn_shop`.`district` (`name`, `prefix`, `city_id`) VALUES ('Đồng Văn', 'Huyện', '22');
INSERT INTO `pawn_shop`.`district` (`name`, `prefix`, `city_id`) VALUES ('Mèo Vạc', 'Huyện', '22');
INSERT INTO `pawn_shop`.`district` (`name`, `prefix`, `city_id`) VALUES ('Quản Bạ', 'Huyện', '22');
INSERT INTO `pawn_shop`.`district` (`name`, `prefix`, `city_id`) VALUES ('Quang Bình', 'Huyện', '22');
INSERT INTO `pawn_shop`.`district` (`name`, `prefix`, `city_id`) VALUES ('Vị Xuyên', 'Huyện', '22');
INSERT INTO `pawn_shop`.`district` (`name`, `prefix`, `city_id`) VALUES ('Phủ Lý', 'Thị Xã', '23');
INSERT INTO `pawn_shop`.`district` (`name`, `prefix`, `city_id`) VALUES ('Bình Lục', 'Huyện', '23');
INSERT INTO `pawn_shop`.`district` (`name`, `prefix`, `city_id`) VALUES ('Duy Tuyên', 'Huyện', '23');
INSERT INTO `pawn_shop`.`district` (`name`, `prefix`, `city_id`) VALUES ('Kim Bảng', 'Huyện', '23');
INSERT INTO `pawn_shop`.`district` (`name`, `prefix`, `city_id`) VALUES ('Lý Nhân', 'Huyện', '23');
INSERT INTO `pawn_shop`.`district` (`name`, `prefix`, `city_id`) VALUES ('Thanh Liên', 'Huyện', '23');


-- bảng address --

INSERT INTO `pawn_shop`.`address` (`street`, `district_id`) VALUES ('255 - Nguyễn Tất Thành', '1');
INSERT INTO `pawn_shop`.`address` (`street`, `district_id`) VALUES ('222 - Hoàng Diệu', '3');
INSERT INTO `pawn_shop`.`address` (`street`, `district_id`) VALUES ('1 - Nguyễn Văn Linh', '4');
INSERT INTO `pawn_shop`.`address` (`street`, `district_id`) VALUES ('33 - Nguyễn Hoàng', '5');
INSERT INTO `pawn_shop`.`address` (`street`, `district_id`) VALUES ('5 - Nguyễn Tri Phương', '76');
INSERT INTO `pawn_shop`.`address` (`street`, `district_id`) VALUES ('4 - Huỳnh Thúc Kháng ', '66');
INSERT INTO `pawn_shop`.`address` (`street`, `district_id`) VALUES ('55 - Ông Ích Khiêm ', '4');
INSERT INTO `pawn_shop`.`address` (`street`, `district_id`) VALUES ('88 - Nguyễn Tri Phương ', '3');
INSERT INTO `pawn_shop`.`address` (`street`, `district_id`) VALUES ('1 - Đặng Thai Mai ', '4');
INSERT INTO `pawn_shop`.`address` (`street`, `district_id`) VALUES ('5 - Nguyễn Tri Phương', '6');
INSERT INTO `pawn_shop`.`address` (`street`, `district_id`) VALUES ('7 - Ông Ích Đường ', '7');
INSERT INTO `pawn_shop`.`address` (`street`, `district_id`) VALUES ('5 - Lê Đình Lý', '8');
INSERT INTO `pawn_shop`.`address` (`street`, `district_id`) VALUES ('98 - Nguyễn Tri Phương ', '88');
INSERT INTO `pawn_shop`.`address` (`street`, `district_id`) VALUES ('554 - Nguyễn Tri Phương', '22');
INSERT INTO `pawn_shop`.`address` (`street`, `district_id`) VALUES ('88 - Nguyễn Tri Phương', '2');
INSERT INTO `pawn_shop`.`address` (`street`, `district_id`) VALUES ('65 - Phan Tứ', '44');
INSERT INTO `pawn_shop`.`address` (`street`, `district_id`) VALUES ('88 - Trần Phú', '200');
INSERT INTO `pawn_shop`.`address` (`street`, `district_id`) VALUES ('4 - Lê Đình Dương', '33');
INSERT INTO `pawn_shop`.`address` (`street`, `district_id`) VALUES ('858 - Thái Phiên', '88');
INSERT INTO `pawn_shop`.`address` (`street`, `district_id`) VALUES ('5 - Nguyễn Chí Thanh', '122');

-- bảng customer --
INSERT INTO `pawn_shop`.`customer` (`code`, `date_of_birth`, `email`, `gender`, `id_card`, `img_url`, `name`, `phone_number`, `status`,`address_id`) VALUES ('KH-1', '1998-10-01', 'nghianf@gmail.com', 1, '20117440', '2', 'Trọng Nghĩa', '0764052051', 1,1);
INSERT INTO `pawn_shop`.`customer` (`code`, `date_of_birth`, `email`, `gender`, `id_card`, `img_url`, `name`, `phone_number`, `status`,`address_id`) VALUES ('KH-2', '1998-10-01', 'sonlh@gmail.com',0, '20117440', '2', 'Hồng Sơn', '0764052052', 1,2);
INSERT INTO `pawn_shop`.`customer` (`code`, `date_of_birth`, `email`, `gender`, `id_card`, `img_url`, `name`, `phone_number`, `status`,`address_id`) VALUES ('KH-3', '1998-10-01', 'phucnhd@gmail.com', 1, '20117440', '2', 'Đa Phúc', '0764052053', 1,3);
INSERT INTO `pawn_shop`.`customer` (`code`, `date_of_birth`, `email`, `gender`, `id_card`, `img_url`, `name`, `phone_number`, `status`,`address_id`) VALUES ('KH-4', '1998-10-01', 'nhannt@gmail.com', 1, '20117440', '2', 'Trọng Nhân', '0764052054', 1,4);
INSERT INTO `pawn_shop`.`customer` (`code`, `date_of_birth`, `email`, `gender`, `id_card`, `img_url`, `name`, `phone_number`, `status`,`address_id`) VALUES ('KH-5', '1998-10-01', 'taila@gmail.com', 1, '20117440', '2', 'Anh Tài', '0764052055', 1,5);
INSERT INTO `pawn_shop`.`customer` (`code`, `date_of_birth`, `email`, `gender`, `id_card`, `img_url`, `name`, `phone_number`, `status`,`address_id`) VALUES ('KH-6', '1998-10-01', 'hoanlv@gmail.com', 1, '20117440', '2', 'Văn Hoàn', '0764052056', 1,6);
INSERT INTO `pawn_shop`.`customer` (`code`, `date_of_birth`, `email`, `gender`, `id_card`, `img_url`, `name`, `phone_number`, `status`,`address_id`) VALUES ('KH-7', '1998-10-01', 'duyennh@gmail.com', 1, '20117440', '2', 'Hà Duyên', '0764052057', 1,7);
INSERT INTO `pawn_shop`.`customer` (`code`, `date_of_birth`, `email`, `gender`, `id_card`, `img_url`, `name`, `phone_number`, `status`,`address_id`) VALUES ('KH-8', '1998-10-01', 'tridm@gmail.com', 1, '20117440', '1', 'Minh Trí', '0764052058', 1,8);
INSERT INTO `pawn_shop`.`customer` (`code`, `date_of_birth`, `email`, `gender`, `id_card`, `img_url`, `name`, `phone_number`, `status`,`address_id`) VALUES ('KH-9', '1998-10-01', 'tritt@gmail.com', 1, '20117440', '23', 'Thanh Trí', '0764052059', 1,9);
INSERT INTO `pawn_shop`.`customer` (`code`, `date_of_birth`, `email`, `gender`, `id_card`, `img_url`, `name`, `phone_number`, `status`,`address_id`) VALUES ('KH-10', '1998-10-01', 'quynhtx@gmail.com', 1, '20117440', '4', 'Xuân Quỳnh', '0764052011', 1,10);
INSERT INTO `pawn_shop`.`customer` (`code`, `date_of_birth`, `email`, `gender`, `id_card`, `img_url`, `name`, `phone_number`, `status`,`address_id`) VALUES ('KH-11', '1998-10-01', 'longnh@gmail.com', 1, '20117440', '5', 'Hoàng Long', '0764052012', 1,11);
INSERT INTO `pawn_shop`.`customer` (`code`, `date_of_birth`, `email`, `gender`, `id_card`, `img_url`, `name`, `phone_number`, `status`,`address_id`) VALUES ('KH-12', '1998-10-01', 'truongtq@gmail.com', 1, '20117440', '5', 'Quang Trường', '0764052013', 1,12);
INSERT INTO `pawn_shop`.`customer` (`code`, `date_of_birth`, `email`, `gender`, `id_card`, `img_url`, `name`, `phone_number`, `status`,`address_id`) VALUES ('KH-13', '1998-10-01', 'thucnh@gmail.com', 1, '20117440', '5', 'Hữu Thức', '0764052014', 1,13);
INSERT INTO `pawn_shop`.`customer` (`code`, `date_of_birth`, `email`, `gender`, `id_card`, `img_url`, `name`, `phone_number`, `status`,`address_id`) VALUES ('KH-14', '1998-10-01', 'hungnp@gmail.com', 1, '20117440', '5', 'Phi Hùng', '0764052015', 1,14);
INSERT INTO `pawn_shop`.`customer` (`code`, `date_of_birth`, `email`, `gender`, `id_card`, `img_url`, `name`, `phone_number`, `status`,`address_id`) VALUES ('KH-15', '1998-10-01', 'huynm@gmail.com', 1, '20117440', '5', 'Minh Huy', '0764052016', 1,15);
INSERT INTO `pawn_shop`.`customer` (`code`, `date_of_birth`, `email`, `gender`, `id_card`, `img_url`, `name`, `phone_number`, `status`,`address_id`) VALUES ('KH-16', '1998-10-01', 'taint@gmail.com', 1, '20117440', '5', 'Tấn Tài', '0764052017', 1,16);
INSERT INTO `pawn_shop`.`customer` (`code`, `date_of_birth`, `email`, `gender`, `id_card`, `img_url`, `name`, `phone_number`, `status`,`address_id`) VALUES ('KH-17', '1998-10-01', 'haitt@gmail.com', 1, '20117440', '5', 'Tấn Hải', '0764052018', 1,17);
INSERT INTO `pawn_shop`.`customer` (`code`, `date_of_birth`, `email`, `gender`, `id_card`, `img_url`, `name`, `phone_number`, `status`,`address_id`) VALUES ('KH-18', '1998-10-01', 'congnt@gmail.com', 1, '20117440', '5', 'Thanh Công', '0764052019', 1,18);
INSERT INTO `pawn_shop`.`customer` (`code`, `date_of_birth`, `email`, `gender`, `id_card`, `img_url`, `name`, `phone_number`, `status`,`address_id`) VALUES ('KH-19', '1998-10-01', 'tiennvt@gmail.com', 1, '20117440', '5', 'Thành Tiến', '0764052020', 1,19);
INSERT INTO `pawn_shop`.`customer` (`code`, `date_of_birth`, `email`, `gender`, `id_card`, `img_url`, `name`, `phone_number`, `status`,`address_id`) VALUES ('KH-20', '1998-10-01', 'trongnd@gmail.com', 1, '20117440', '5', 'Đức Trọng', '0764052021', 1,20);

-- bảng pawn type --
INSERT INTO `pawn_shop`.`pawn_type` (`id`, `name`) VALUES ('1', 'Trang Sức');
INSERT INTO `pawn_shop`.`pawn_type` (`id`, `name`) VALUES ('2', 'Túi Hiệu');
INSERT INTO `pawn_shop`.`pawn_type` (`id`, `name`) VALUES ('3', 'Điện Thoại');
INSERT INTO `pawn_shop`.`pawn_type` (`id`, `name`) VALUES ('4', 'Laptop');
INSERT INTO `pawn_shop`.`pawn_type` (`id`, `name`) VALUES ('5', 'Đồng hồ');
INSERT INTO `pawn_shop`.`pawn_type` (`id`, `name`) VALUES ('6', 'Nhà Đất');
INSERT INTO `pawn_shop`.`pawn_type` (`id`, `name`) VALUES ('7', 'Đồ Gia Dụng');
INSERT INTO `pawn_shop`.`pawn_type` (`id`, `name`) VALUES ('8', 'Máy Ảnh');
INSERT INTO `pawn_shop`.`pawn_type` (`id`, `name`) VALUES ('9', 'Xe Máy');
INSERT INTO `pawn_shop`.`pawn_type` (`id`, `name`) VALUES ('10', 'Ô Tô');
INSERT INTO `pawn_shop`.`pawn_type` (`id`, `name`) VALUES ('11', 'Đồ Văn Phòng');
INSERT INTO `pawn_shop`.`pawn_type` (`id`, `name`) VALUES ('12', 'Sim Số Đẹp');

-- bảng pawn item --

INSERT INTO pawn_item (id, `name`, pawn_type_id,`status`) VALUES (1, 'Dây chuyền vàng', 1,0);
INSERT INTO pawn_item (id, `name`, pawn_type_id,`status`) VALUES (2, 'Dell Vostro 5515', 4,0);
INSERT INTO pawn_item (id, `name`, pawn_type_id,`status`) VALUES (3, 'Tủ lạnh Sharp Inverter', 7,0);
INSERT INTO pawn_item (id, `name`, pawn_type_id,`status`) VALUES (4, 'Yamaha Exciter 150', 9,0);
INSERT INTO pawn_item (id, `name`, pawn_type_id,`status`) VALUES (5, 'Ô tô VinFast Lux SA2.0', 10,1);
INSERT INTO pawn_item (id, `name`, pawn_type_id,`status`) VALUES (6, '0666777888', 12,1);
INSERT INTO pawn_item (id, `name`, pawn_type_id,`status`) VALUES (7, 'Túi xách Hermes Paris', 2,0);
INSERT INTO pawn_item (id, `name`, pawn_type_id,`status`) VALUES (8, 'Máy ảnh Cannon EOS 1500D', 8,1);
INSERT INTO pawn_item (id, `name`, pawn_type_id,`status`) VALUES (9, 'MINDS Rolex Daytona', 5,0);
INSERT INTO pawn_item (id, `name`, pawn_type_id,`status`) VALUES (10, 'Máy chiếu', 1,0);
INSERT INTO pawn_item (id, `name`, pawn_type_id,`status`) VALUES (11, 'Dây chuyền', 11,0);
INSERT INTO pawn_item (id, `name`, pawn_type_id,`status`) VALUES (12, 'Ô tô VinFast Prsident', 10,0);
INSERT INTO pawn_item (id, `name`, pawn_type_id,`status`) VALUES (13, '0988126789', 12,0);
INSERT INTO pawn_item (id, `name`, pawn_type_id,`status`) VALUES (14, 'IPhone 13 ProMax', 3,1);
INSERT INTO pawn_item (id, `name`, pawn_type_id,`status`) VALUES (15, 'IPhone 14 ProMax', 3,0);
INSERT INTO pawn_item (id, `name`, pawn_type_id,`status`) VALUES (16, 'Túi xách Hermes Kelly', 2,0);
INSERT INTO pawn_item (id, `name`, pawn_type_id,`status`) VALUES (17, 'Honda Air Balade', 9,0);
INSERT INTO pawn_item (id, `name`, pawn_type_id,`status`) VALUES (18, 'IPhone 14 ProMax', 3,1);
INSERT INTO pawn_item (id, `name`, pawn_type_id,`status`) VALUES (19, 'Tủ lạnh Samsung RT19M300PGS', 7,0);
INSERT INTO pawn_item (id, `name`, pawn_type_id,`status`) VALUES (20, 'IPhone 14 ProMax', 3,0);

-- quick sign up --

-- INSERT INTO `pawn_shop`.`quick_sign_up` (`customer_name`, `phone_number`, `status`, `address_id`, `pawn_type_id`) VALUES ('Nguyễn Hoàng Đa Phúc', '0905005', 1, '1', '1');
-- INSERT INTO `pawn_shop`.`quick_sign_up` (`customer_name`, `phone_number`, `status`, `address_id`, `pawn_type_id`) VALUES ('Ngô Báo Khá', '0905005', 1, '1', '1');
-- INSERT INTO `pawn_shop`.`quick_sign_up` (`customer_name`, `phone_number`, `status`, `address_id`, `pawn_type_id`) VALUES ('Trần Ngọc Anh Vũ', '0905005', 1, '1', '1');
-- INSERT INTO `pawn_shop`.`quick_sign_up` (`customer_name`, `phone_number`, `status`, `address_id`, `pawn_type_id`) VALUES ('Lê Chí Quang', '0905005', 1, '1', '1');
-- INSERT INTO `pawn_shop`.`quick_sign_up` (`customer_name`, `phone_number`, `status`, `address_id`, `pawn_type_id`) VALUES ('Nguyễn Quang Huy', '0905005', 1, '1', '1');
-- INSERT INTO `pawn_shop`.`quick_sign_up` (`customer_name`, `phone_number`, `status`, `address_id`, `pawn_type_id`) VALUES ('Hà Văn Trình', '0905005', 1, '1', '1');
-- INSERT INTO `pawn_shop`.`quick_sign_up` (`customer_name`, `phone_number`, `status`, `address_id`, `pawn_type_id`) VALUES ('Đào Minh Trí', '0905005', 1, '1', '1');
-- INSERT INTO `pawn_shop`.`quick_sign_up` (`customer_name`, `phone_number`, `status`, `address_id`, `pawn_type_id`) VALUES ('Phan Anh Quân', '0905005', 1, '1', '1');
-- INSERT INTO `pawn_shop`.`quick_sign_up` (`customer_name`, `phone_number`, `status`, `address_id`, `pawn_type_id`) VALUES ('Phan Thuận Châu', '0905005', 1, '1', '1');
-- INSERT INTO `pawn_shop`.`quick_sign_up` (`customer_name`, `phone_number`, `status`, `address_id`, `pawn_type_id`) VALUES ('Lê Hông Quang', '0905005', 1, '1', '1');
-- INSERT INTO `pawn_shop`.`quick_sign_up` (`customer_name`, `phone_number`, `status`, `address_id`, `pawn_type_id`) VALUES ('Lê Quang Vinh', '0905005', 1, '1', '1');
-- INSERT INTO `pawn_shop`.`quick_sign_up` (`customer_name`, `phone_number`, `status`, `address_id`, `pawn_type_id`) VALUES ('Hồng Hà Nhi', '0905005', 1, '1', '1');
-- INSERT INTO `pawn_shop`.`quick_sign_up` (`customer_name`, `phone_number`, `status`, `address_id`, `pawn_type_id`) VALUES ('Ngô Tất Tố', '0905005', 1, '1', '1');
-- INSERT INTO `pawn_shop`.`quick_sign_up` (`customer_name`, `phone_number`, `status`, `address_id`, `pawn_type_id`) VALUES ('Trần Văn Hảo', '0905005', 1, '1', '1');
-- INSERT INTO `pawn_shop`.`quick_sign_up` (`customer_name`, `phone_number`, `status`, `address_id`, `pawn_type_id`) VALUES ('Nguyễn Minh Tâm', '0905005', 1, '1', '1');
-- INSERT INTO `pawn_shop`.`quick_sign_up` (`customer_name`, `phone_number`, `status`, `address_id`, `pawn_type_id`) VALUES ('Phạm Minh Thanh', '0905005', 1, '1', '1');
-- INSERT INTO `pawn_shop`.`quick_sign_up` (`customer_name`, `phone_number`, `status`, `address_id`, `pawn_type_id`) VALUES ('Trương Quang Minh Hoàng', '0905005', 1, '1', '1');
-- INSERT INTO `pawn_shop`.`quick_sign_up` (`customer_name`, `phone_number`, `status`, `address_id`, `pawn_type_id`) VALUES ('Trương Vô Định', '0905005', 1, '1', '1');
-- INSERT INTO `pawn_shop`.`quick_sign_up` (`customer_name`, `phone_number`, `status`, `address_id`, `pawn_type_id`) VALUES ('Lê Bồ Đề', '0905005', 1, '1', '1');

-- bảng aap role --

INSERT INTO `pawn_shop`.`app_role` (`id`, `role`) VALUES ('1', 'ROLE_EMPLOYEE');
INSERT INTO `pawn_shop`.`app_role` (`id`, `role`) VALUES ('2', 'ROLE_ADMIN');



-- bảng employee --


INSERT INTO `pawn_shop`.`employee` (`id`, `address`, `code`, `date_of_birth`, `email`, `gender`, `img_url`, `name`, `phone_number`, `salary`, `status`) VALUES ('1','255 - Nguyễn Tất Thành - Đà Nẵng', 'NV-01', '1991/7/13', 'Keongot@gmail.com', true,'f', 'Nguyễn Văn Thuận', '0873654521', '200000', 1);
INSERT INTO `pawn_shop`.`employee` (`id`, `address`, `code`, `date_of_birth`, `email`, `gender`, `img_url`, `name`, `phone_number`, `salary`, `status`) VALUES ('2', '222 - Hoàng Diệu - Đà Nẵng', 'NV-02', '1991/7/13', 'Keongot@gmail.com', true,'f', 'Nguyễn Văn Thuận', '0873654521', '200000', 1);
INSERT INTO `pawn_shop`.`employee` (`id`, `address`, `code`, `date_of_birth`, `email`, `gender`, `img_url`, `name`, `phone_number`, `salary`, `status`) VALUES ('3','1 - Nguyễn Văn Linh - Đà Nẵng', 'NV-03', '1992/8/18', 'tranvantuan@gmail.com', true,'f', 'Trần Văn Tuấn', '0543654521', '300000', 1);
INSERT INTO `pawn_shop`.`employee` (`id`, `address`, `code`, `date_of_birth`, `email`, `gender`, `img_url`, `name`, `phone_number`, `salary`, `status`) VALUES ('4','33 - Nguyễn Hoàng - Đà Nẵng', 'NV-04', '1993/4/15', 'tranvantri@gmail.com', true,'f', 'Trần Văn Trí', '093654521', '400000', 1);
INSERT INTO `pawn_shop`.`employee` (`id`, `address`, `code`, `date_of_birth`, `email`, `gender`, `img_url`, `name`, `phone_number`, `salary`, `status`) VALUES ('5','5 - Nguyễn Tri Phương - Đà Nẵng', 'NV-05', '1996/8/8', 'quocvantam@gmail.com', true,'f', 'Quốc Văn Tâm', '0794365423', '500000', 1);
INSERT INTO `pawn_shop`.`employee` (`id`, `address`, `code`, `date_of_birth`, `email`, `gender`, `img_url`, `name`, `phone_number`, `salary`, `status`) VALUES ('6', '4 - Huỳnh Thúc Kháng - Đà Nẵng', 'NV-06', '1997/9/17', 'quocvannam@gmail.com', true,'f', 'Nguyễn Quốc nam', '0936545213', '600000', 1);
INSERT INTO `pawn_shop`.`employee` (`id`, `address`, `code`, `date_of_birth`, `email`, `gender`, `img_url`, `name`, `phone_number`, `salary`, `status`) VALUES ('7', '55 - Ông Ích Khiêm - Đà Nẵng', 'NV-07', '1998/2/12', 'nguyennhuquynh@gmail.com', false,'f', 'Nguyễn Như Quỳnh', '0123654521', '700000', 1);
INSERT INTO `pawn_shop`.`employee` (`id`, `address`, `code`, `date_of_birth`, `email`, `gender`, `img_url`, `name`, `phone_number`, `salary`, `status`) VALUES ('8','88 - Nguyễn Tri Phương - Đà Nẵng', 'NV-08', '1993/4/14', 'nguyenthithuy', false,'f', 'Nguyễn Thị Thuý', '0973765521', '800000', 1);
INSERT INTO `pawn_shop`.`employee` (`id`, `address`, `code`, `date_of_birth`, `email`, `gender`, `img_url`, `name`, `phone_number`, `salary`, `status`) VALUES ('9', '1 - Đặng Thai Mai - Đà Nẵng', 'NV-09', '1998/3/16', 'kieuthianhthu@gmail.com', false,'f', 'Kiều Thị Anh Thư', '0966545521', '900000', 1);
INSERT INTO `pawn_shop`.`employee` (`id`, `address`, `code`, `date_of_birth`, `email`, `gender`, `img_url`, `name`, `phone_number`, `salary`, `status`) VALUES ('10', '5 - Nguyễn Tri Phương - Đà Nẵng', 'NV-10', '1990/7/14', 'nguyenvanhai@gmail.com', true,'f', 'Nguyễn Văn Hải', '0793645888', '10000', 1);
INSERT INTO `pawn_shop`.`employee` (`id`, `address`, `code`, `date_of_birth`, `email`, `gender`, `img_url`, `name`, `phone_number`, `salary`, `status`) VALUES ('11', '7 - Ông Ích Đường - Đà Nẵng', 'NV-12', '1991/1/24', 'nguyennhuhoa@gmail.com', true,'f', 'Ngyễn Như Hoà', ' 0893654521', '9000', 1);
INSERT INTO `pawn_shop`.`employee` (`id`, `address`, `code`, `date_of_birth`, `email`, `gender`, `img_url`, `name`, `phone_number`, `salary`, `status`) VALUES ('12', '5 - Lê Đình Lý - Đà Nẵng', 'NV-13', '1988/6/27', 'nguyenquochung@gmail.com', true,'f', 'Nguyễn Quốc Hùng','0123654521', '8000', 1);
INSERT INTO `pawn_shop`.`employee` (`id`, `address`, `code`, `date_of_birth`, `email`, `gender`, `img_url`, `name`, `phone_number`, `salary`, `status`) VALUES ('13', '98 - Nguyễn Tri Phương - Đà Nẵng', 'NV-14', '1989/5/12', 'truongtronghoang@gmail.com', true,'f', 'Trương Trọng Hoàng', '0973654987', '6000', 1);
INSERT INTO `pawn_shop`.`employee` (`id`, `address`, `code`, `date_of_birth`, `email`, `gender`, `img_url`, `name`, `phone_number`, `salary`, `status`) VALUES ('14', '554 - Nguyễn Tri Phương - Đà Nẵng', 'NV-15', '1995/7/17', 'nguyenhoangtrongnhan@gmail.com', true,'f', 'Nguyễn Hoàng Trọng Nhân', '0936854554', '9000', 1);
INSERT INTO `pawn_shop`.`employee` (`id`, `address`, `code`, `date_of_birth`, `email`, `gender`, `img_url`, `name`, `phone_number`, `salary`, `status`) VALUES ('15', '88 - Nguyễn Tri Phương - Đà Nẵng', 'NV-16', '1997/8/2', 'nguyenduyphuc@gmail.com', true,'f', 'Nguyễn Duy Phúc', '0795556777', '9000', 1);
INSERT INTO `pawn_shop`.`employee` (`id`, `address`, `code`, `date_of_birth`, `email`, `gender`, `img_url`, `name`, `phone_number`, `salary`, `status`) VALUES ('16', '65 - Phan Tứ - Đà Nẵng', 'NV-17', '1999/9/6', 'levantruong@gmail.com', true,'f', 'Lê Văn Trường Vũ', '0936654521', '10000', 1);
INSERT INTO `pawn_shop`.`employee` (`id`, `address`, `code`, `date_of_birth`, `email`, `gender`, `img_url`, `name`, `phone_number`, `salary`, `status`) VALUES ('17', '88 - Trần Phú - Đà Nẵng', 'NV-18', '1993/5/21', 'lenquanvu@gmail.com', true,'f', 'Lê Quan Vũ', '0936566614', '10000', 1);
INSERT INTO `pawn_shop`.`employee` (`id`, `address`, `code`, `date_of_birth`, `email`, `gender`, `img_url`, `name`, `phone_number`, `salary`, `status`) VALUES ('18', '4 - Lê Đình Dương - Đà Nẵng', 'NV-19', '1994/5/23', 'nguyenxuandai@gmail.com', true,'f', 'Nguyễn Xuân Đại', '0975552142', '10000', 1);
INSERT INTO `pawn_shop`.`employee` (`id`, `address`, `code`, `date_of_birth`, `email`, `gender`, `img_url`, `name`, `phone_number`, `salary`, `status`) VALUES ('19','858 - Thái Phiên - Đà Nẵng', 'NV-20', '1992/3/12', 'levuanhthu@gmail.com', false,'f', 'Lê Vũ Anh Thư', '0893654999', '6000', 1);
INSERT INTO `pawn_shop`.`employee` (`id`, `address`, `code`, `date_of_birth`, `email`, `gender`, `img_url`, `name`, `phone_number`, `salary`, `status`) VALUES ('20', '5employee - Nguyễn Chí Thanh - Đà Nẵng', 'NV-20', '1992/3/12', 'levuanhthu@gmail.com', false,'f', 'Lê Vũ Anh Thư', '0893654999', '6000', 1);

-- bảng contract --


INSERT INTO `pawn_shop`.`contract` (`id`, `code`, `end_date`, `item_price`, `interest_rate`, `start_date`, `status`, `customer_id`, `employee_id`, `pawn_item_id`) VALUES ('1', 'HD-NV001-1', '2022-11-20', '5000000', '5', '2022-11-10', '0', '4', '1', '1');
INSERT INTO `pawn_shop`.`contract` (`id`, `code`, `end_date`, `item_price`, `interest_rate`, `start_date`, `status`, `customer_id`, `employee_id`, `pawn_item_id`) VALUES ('2', 'HD-NV001-2', '2022-01-25', '3000000', '5', '2022-01-01', '0', '4', '1', '2');
INSERT INTO `pawn_shop`.`contract` (`id`, `code`, `end_date`, `item_price`, `interest_rate`, `start_date`, `status`, `customer_id`, `employee_id`, `pawn_item_id`) VALUES ('3', 'HD-NV002-3', '2022-04-15', '4000000', '5', '2022-02-04', '0', '3', '2', '3');
INSERT INTO `pawn_shop`.`contract` (`id`, `code`, `end_date`, `item_price`, `interest_rate`, `start_date`, `status`, `customer_id`, `employee_id`, `pawn_item_id`) VALUES ('4', 'HD-NV002-4', '2022-05-15', '12000000', '5', '2022-03-14', '0', '4', '2', '4');
INSERT INTO `pawn_shop`.`contract` (`id`, `code`, `end_date`, `item_price`, `interest_rate`, `start_date`, `status`, `customer_id`, `employee_id`, `pawn_item_id`) VALUES ('5', 'HD-NV003-5', '2022-06-07', '99000000', '5', '2022-05-20', '1', '5', '3', '5');
INSERT INTO `pawn_shop`.`contract` (`id`, `code`, `end_date`, `item_price`, `interest_rate`, `start_date`, `status`, `customer_id`, `employee_id`, `pawn_item_id`) VALUES ('6', 'HD-NV004-6', '2022-02-07', '1000000', '7', '2022-01-13', '1', '6', '4', '6');
INSERT INTO `pawn_shop`.`contract` (`id`, `code`, `end_date`, `item_price`, `interest_rate`, `start_date`, `status`, `customer_id`, `employee_id`, `pawn_item_id`) VALUES ('7', 'HD-NV004-7', '2022-01-19', '3500000', '7', '2022-01-03', '2', '7', '4', '7');
INSERT INTO `pawn_shop`.`contract` (`id`, `code`, `end_date`, `item_price`, `interest_rate`, `start_date`, `status`, `customer_id`, `employee_id`, `pawn_item_id`) VALUES ('8', 'HD-NV005-8', '2022-10-13', '2500000', '7', '2022-07-03', '3', '8', '5', '8');
INSERT INTO `pawn_shop`.`contract` (`id`, `code`, `end_date`, `item_price`, `interest_rate`, `start_date`, `status`, `customer_id`, `employee_id`, `pawn_item_id`) VALUES ('9', 'HD-NV005-9', '2022-11-10', '2500000', '7', '2022-09-28', '0', '9', '5', '9');
INSERT INTO `pawn_shop`.`contract` (`id`, `code`, `end_date`, `item_price`, `interest_rate`, `start_date`, `status`, `customer_id`, `employee_id`, `pawn_item_id`) VALUES ('10', 'HD-NV006-10', '2022-05-10', '1500000', '4', '2022-03-28', '0', '10', '6', '10');
INSERT INTO `pawn_shop`.`contract` (`id`, `code`, `end_date`, `item_price`, `interest_rate`, `start_date`, `status`, `customer_id`, `employee_id`, `pawn_item_id`) VALUES ('11', 'HD-NV006-11', '2022-09-05', '1000000', '4', '2022-08-18', '2', '11', '6', '11');
INSERT INTO `pawn_shop`.`contract` (`id`, `code`, `end_date`, `item_price`, `interest_rate`, `start_date`, `status`, `customer_id`, `employee_id`, `pawn_item_id`) VALUES ('12', 'HD-NV007-12', '2022-12-11', '190000000', '4', '2022-12-01', '2', '12', '7', '12');
INSERT INTO `pawn_shop`.`contract` (`id`, `code`, `end_date`, `item_price`, `interest_rate`, `start_date`, `status`, `customer_id`, `employee_id`, `pawn_item_id`) VALUES ('13', 'HD-NV007-13', '2022-07-05', '1500000', '4', '2022-06-01', '2', '13', '7', '13');
INSERT INTO `pawn_shop`.`contract` (`id`, `code`, `end_date`, `item_price`, `interest_rate`, `start_date`, `status`, `customer_id`, `employee_id`, `pawn_item_id`) VALUES ('14', 'HD-NV007-14', '2022-08-02', '2200000', '4', '2022-07-12', '1', '14', '7', '14');
INSERT INTO `pawn_shop`.`contract` (`id`, `code`, `end_date`, `item_price`, `interest_rate`, `start_date`, `status`, `customer_id`, `employee_id`, `pawn_item_id`) VALUES ('15', 'HD-NV004-15', '2022-05-19', '2200000', '4', '2022-01-12', '0', '15', '4', '15');
INSERT INTO `pawn_shop`.`contract` (`id`, `code`, `end_date`, `item_price`, `interest_rate`, `start_date`, `status`, `customer_id`, `employee_id`, `pawn_item_id`) VALUES ('16', 'HD-NV003-16', '2022-02-19', '1400000', '4', '2022-02-03', '0', '16', '3', '16');
INSERT INTO `pawn_shop`.`contract` (`id`, `code`, `end_date`, `item_price`, `interest_rate`, `start_date`, `status`, `customer_id`, `employee_id`, `pawn_item_id`) VALUES ('17', 'HD-NV002-17', '2022-10-13', '13000000', '4', '2022-10-03', '0', '17', '2', '17');
INSERT INTO `pawn_shop`.`contract` (`id`, `code`, `end_date`, `item_price`, `interest_rate`, `start_date`, `status`, `customer_id`, `employee_id`, `pawn_item_id`) VALUES ('18', 'HD-NV002-18', '2022-11-10', '6000000', '4', '2022-10-16', '3', '18', '2', '18');
INSERT INTO `pawn_shop`.`contract` (`id`, `code`, `end_date`, `item_price`, `interest_rate`, `start_date`, `status`, `customer_id`, `employee_id`, `pawn_item_id`) VALUES ('19', 'HD-NV001-19', '2022-11-10', '6000000', '4', '2022-10-16', '0', '19', '1', '19');
INSERT INTO `pawn_shop`.`contract` (`id`, `code`, `end_date`, `item_price`, `interest_rate`, `start_date`, `status`, `customer_id`, `employee_id`, `pawn_item_id`) VALUES ('20', 'HD-NV001-20', '2022-08-12', '2000000', '4', '2022-06-16', '0', '20', '1', '20');

-- bảng aap user --

INSERT INTO `pawn_shop`.`app_user` (`password`, `username`, `employee_id`) VALUES ('$2a$10$PrI5Gk9L.tSZiW9FXhTS8O8Mz9E97k2FZbFvGFFaSsiTUIl.TCrFu', 'user1', '1');
INSERT INTO `pawn_shop`.`app_user` (`password`, `username`, `employee_id`) VALUES ('$2a$10$PrI5Gk9L.tSZiW9FXhTS8O8Mz9E97k2FZbFvGFFaSsiTUIl.TCrFu', 'user2', '2');
INSERT INTO `pawn_shop`.`app_user` (`password`, `username`, `employee_id`) VALUES ('$2a$10$PrI5Gk9L.tSZiW9FXhTS8O8Mz9E97k2FZbFvGFFaSsiTUIl.TCrFu', 'user3', '3');
INSERT INTO `pawn_shop`.`app_user` (`password`, `username`, `employee_id`) VALUES ('$2a$10$PrI5Gk9L.tSZiW9FXhTS8O8Mz9E97k2FZbFvGFFaSsiTUIl.TCrFu', 'user4', '4');
INSERT INTO `pawn_shop`.`app_user` (`password`, `username`, `employee_id`) VALUES ('$2a$10$PrI5Gk9L.tSZiW9FXhTS8O8Mz9E97k2FZbFvGFFaSsiTUIl.TCrFu', 'user5', '5');
INSERT INTO `pawn_shop`.`app_user` (`password`, `username`, `employee_id`) VALUES ('$2a$10$PrI5Gk9L.tSZiW9FXhTS8O8Mz9E97k2FZbFvGFFaSsiTUIl.TCrFu', 'user6', '6');
INSERT INTO `pawn_shop`.`app_user` (`password`, `username`, `employee_id`) VALUES ('$2a$10$PrI5Gk9L.tSZiW9FXhTS8O8Mz9E97k2FZbFvGFFaSsiTUIl.TCrFu', 'user7', '7');
INSERT INTO `pawn_shop`.`app_user` (`password`, `username`, `employee_id`) VALUES ('$2a$10$PrI5Gk9L.tSZiW9FXhTS8O8Mz9E97k2FZbFvGFFaSsiTUIl.TCrFu', 'user8', '8');
INSERT INTO `pawn_shop`.`app_user` (`password`, `username`, `employee_id`) VALUES ('$2a$10$PrI5Gk9L.tSZiW9FXhTS8O8Mz9E97k2FZbFvGFFaSsiTUIl.TCrFu', 'user9', '9');
INSERT INTO `pawn_shop`.`app_user` (`password`, `username`, `employee_id`) VALUES ('$2a$10$PrI5Gk9L.tSZiW9FXhTS8O8Mz9E97k2FZbFvGFFaSsiTUIl.TCrFu', 'user10', '10');
INSERT INTO `pawn_shop`.`app_user` (`password`, `username`, `employee_id`) VALUES ('$2a$10$PrI5Gk9L.tSZiW9FXhTS8O8Mz9E97k2FZbFvGFFaSsiTUIl.TCrFu', 'user11', '11');
INSERT INTO `pawn_shop`.`app_user` (`password`, `username`, `employee_id`) VALUES ('$2a$10$PrI5Gk9L.tSZiW9FXhTS8O8Mz9E97k2FZbFvGFFaSsiTUIl.TCrFu', 'user12', '12');
INSERT INTO `pawn_shop`.`app_user` (`password`, `username`, `employee_id`) VALUES ('$2a$10$PrI5Gk9L.tSZiW9FXhTS8O8Mz9E97k2FZbFvGFFaSsiTUIl.TCrFu', 'user13', '13');
INSERT INTO `pawn_shop`.`app_user` (`password`, `username`, `employee_id`) VALUES ('$2a$10$PrI5Gk9L.tSZiW9FXhTS8O8Mz9E97k2FZbFvGFFaSsiTUIl.TCrFu', 'user14', '14');
INSERT INTO `pawn_shop`.`app_user` (`password`, `username`, `employee_id`) VALUES ('$2a$10$PrI5Gk9L.tSZiW9FXhTS8O8Mz9E97k2FZbFvGFFaSsiTUIl.TCrFu', 'user15', '15');
INSERT INTO `pawn_shop`.`app_user` (`password`, `username`, `employee_id`) VALUES ('$2a$10$PrI5Gk9L.tSZiW9FXhTS8O8Mz9E97k2FZbFvGFFaSsiTUIl.TCrFu', 'user16', '16');
INSERT INTO `pawn_shop`.`app_user` (`password`, `username`, `employee_id`) VALUES ('$2a$10$PrI5Gk9L.tSZiW9FXhTS8O8Mz9E97k2FZbFvGFFaSsiTUIl.TCrFu', 'user17', '17');
INSERT INTO `pawn_shop`.`app_user` (`password`, `username`, `employee_id`) VALUES ('$2a$10$PrI5Gk9L.tSZiW9FXhTS8O8Mz9E97k2FZbFvGFFaSsiTUIl.TCrFu', 'user18', '18');
INSERT INTO `pawn_shop`.`app_user` (`password`, `username`, `employee_id`) VALUES ('$2a$10$PrI5Gk9L.tSZiW9FXhTS8O8Mz9E97k2FZbFvGFFaSsiTUIl.TCrFu', 'user19', '19');
INSERT INTO `pawn_shop`.`app_user` (`password`, `username`, `employee_id`) VALUES ('$2a$10$PrI5Gk9L.tSZiW9FXhTS8O8Mz9E97k2FZbFvGFFaSsiTUIl.TCrFu', 'user20', '20');

-- bảng user role --

INSERT INTO `pawn_shop`.`user_role` (`app_role_id`, `app_user_id`) VALUES ('1', '1');
INSERT INTO `pawn_shop`.`user_role` (`app_role_id`, `app_user_id`) VALUES ('1', '2');
INSERT INTO `pawn_shop`.`user_role` (`app_role_id`, `app_user_id`) VALUES ('1', '3');
INSERT INTO `pawn_shop`.`user_role` (`app_role_id`, `app_user_id`) VALUES ('1', '4');
INSERT INTO `pawn_shop`.`user_role` (`app_role_id`, `app_user_id`) VALUES ('1', '5');
INSERT INTO `pawn_shop`.`user_role` (`app_role_id`, `app_user_id`) VALUES ('1', '6');
INSERT INTO `pawn_shop`.`user_role` (`app_role_id`, `app_user_id`) VALUES ('1', '7');
INSERT INTO `pawn_shop`.`user_role` (`app_role_id`, `app_user_id`) VALUES ('1', '8');
INSERT INTO `pawn_shop`.`user_role` (`app_role_id`, `app_user_id`) VALUES ('1', '9');
INSERT INTO `pawn_shop`.`user_role` (`app_role_id`, `app_user_id`) VALUES ('1', '10');
INSERT INTO `pawn_shop`.`user_role` (`app_role_id`, `app_user_id`) VALUES ('1', '11');
INSERT INTO `pawn_shop`.`user_role` (`app_role_id`, `app_user_id`) VALUES ('1', '12');
INSERT INTO `pawn_shop`.`user_role` (`app_role_id`, `app_user_id`) VALUES ('1', '13');
INSERT INTO `pawn_shop`.`user_role` (`app_role_id`, `app_user_id`) VALUES ('1', '14');
INSERT INTO `pawn_shop`.`user_role` (`app_role_id`, `app_user_id`) VALUES ('1', '15');
INSERT INTO `pawn_shop`.`user_role` (`app_role_id`, `app_user_id`) VALUES ('1', '16');
INSERT INTO `pawn_shop`.`user_role` (`app_role_id`, `app_user_id`) VALUES ('1', '17');
INSERT INTO `pawn_shop`.`user_role` (`app_role_id`, `app_user_id`) VALUES ('1', '18');
INSERT INTO `pawn_shop`.`user_role` (`app_role_id`, `app_user_id`) VALUES ('1', '19');
INSERT INTO `pawn_shop`.`user_role` (`app_role_id`, `app_user_id`) VALUES ('1', '20');

-- bảng news --

insert into news(content,img_url,posting_day,title,app_user_id,`status`)
values
('Bạn đang sở hữu một hay vài chiếc xe ô tô hạng sang, siêu xe và băn khoăn giữa vô số các đơn vị cung cấp dịch vụ cầm đồ uy tín lãi suất thấp, hãy cùng điểm qua ngay dịch vụ nhận cầm xe ô tô hạng sang, siêu xe tại hệ thống cầm','image',10/10/2022,'Cầm Xe Ô Tô Hạng Sang Siêu Xe Cao Cấp Định Giá Cao Nhất',1,0),
('Bạn đang sở hữu một hay vài chiếc xe ô tô hạng sang, siêu xe và băn khoăn giữa vô số các đơn vị cung cấp dịch vụ cầm đồ uy tín lãi suất thấp, hãy cùng điểm qua ngay dịch vụ nhận cầm xe ô tô hạng sang, siêu xe tại hệ thống cầmXe ô tô là một tài sản có giá trị lớn,
 do đó, khi thực hiện thủ tục vay tiền bằng cách cầm cố tài sản là xe ô tô cũng cần phải hết sức lưu ý để tránh những trường hợp đau thương! Hãy cùng VietMoney bỏ túi ngay các kinh nghiệm cầm ô','image',10/10/2022,'Kinh nghiệm cầm ô tô an toàn tránh rủi ro bạn cần biết',1,0),
('Bạn đang cần vay vốn làm ăn hay chi tiêu sinh hoạt cần đến tiền mặt nhanh chóng, bạn đang sở hữu một hay vài chiếc xe máy đang trong quá trình vay trả góp ngân hàng và băn khoăn không biết có thể sử dụng dịch vụ cầm xe máy đang trả góp với lãi','image','2022/10/10','Cầm xe máy đang trả góp nhanh chóng uy tín và lãi suất thấp',1,0),
('Ô tô là một trong những phương tiện được cầm cố nhiều, bởi đây là tài sản lớn và dễ quy đổi thanh khoản vay. Nếu bạn đang gặp vấn đề về tài chính, cần hỗ trợ khoản tiền lớn và đồng thời đang sở hữu xe ô tô BMW, việc cầm xe ô tô','image','2022/10/10','Cầm xe ô tô BMW Model X3, X4, X5, X7 330i, 340i, 730i, 750i',1,0),
('Bạn đang thực hiện dự án kinh doanh, mua nhà hay đầu tư bất động sản,… và cần hỗ trợ lớn về mặt tài chính nhưng không biết phải làm sao? Nếu bạn đang sở hữu cho mình chiếc xe ô tô Lexus, việc cầm cố xe ô tô Lexus để giải quyết vấn đề','image','2022/10/09','Cầm xe ô tô Lexus uy tín lãi suất thấp nhận tiền trong 15 phút',1,0),
('Bạn là doanh nghiệp đang cần vay vốn làm ăn hay là cá nhân có mong muốn vay khoản tiền để chi tiêu sinh hoạt cần đến tiền mặt giải ngân nhanh chóng, bạn đang sở hữu một hay vài chiếc xe ô tô và băn khoăn giữa vô số các đơn vị cung cấp','image','2022/10/08','Thủ tục cầm xe ô tô đang áp dụng tại tiệm cầm đồ hiện nay',1,0),
('Bạn quan tâm đến các xe máy mua thanh lý ở tiệm cầm đồ vì giá tốt hơn so với chính hãng nhưng chất lượng tương đương, nhưng lại đang băn khoăn giữa vô số các đơn vị cung cấp dịch vụ cầm đồ uy tín lãi suất thấp cũng như thủ tục, hồ sơ,','image','2022/10/06','Thủ tục sang tên xe thanh lý cầm đồ hiện nay cần gì?',1,0),
('VietMoney là một đơn vị kinh doanh dịch vụ cầm đồ uy tín, chuyên nghiệp, được nhiều khách hàng tin tưởng và đánh giá cao. Bên cạnh đó, thủ tục cầm đồ tại VietMoney cũng rất đơn giản, nhanh chóng, không gây bất kỳ trở ngại nào cho khách hàng! Mục lục bài viết 1.','image','2022/10/05','Thủ tục cầm đồ các loại tài sản hiện nay – VietMoney',1,0),
('Chiều ngày 01/10/2022 vừa qua, VietMoney đã tổ chức chương trình thiện nguyện: “Đóng góp nhỏ – Ngỏ lời yêu Thương” tại Mái ấm Tâm Đức thuộc chùa Linh Sơn. Với sứ mệnh phục vụ hàng triệu khách hàng phân khúc dưới chuẩn tại Việt Nam, Công ty chúng ta đang hàng ngày cung cấp','image','2022/10/03','Quỹ VietMoney Sẻ Chia Yêu Thương – Hoạt động tháng 10 tại Mái Ấm Tâm Đức',1,0),
('Bạn đang sở hữu một hay vài chiếc xe ô tô hạng sang, siêu xe và băn khoăn giữa vô số các đơn vị cung cấp dịch vụ cầm đồ uy tín lãi suất thấp, hãy cùng điểm qua ngay dịch vụ nhận cầm xe ô tô hạng sang, siêu xe tại hệ thống cầm','image','2022/10/02','Cầm Xe Ô Tô Hạng Sang Siêu Xe Cao Cấp Định Giá Cao Nhất',1,0),
('Kinh doanh cầm đồ là một ngành nghề ngày càng phát triển, ngày càng có nhiều người tham gia đầu tư mở tiệm kinh doanh. Tuy vậy, đây là ngành nghề có điều kiện nên chịu sự quản lý chặt chẽ hơn các ngành nghề thông thường.','image','2022/10/01','Kinh doanh cầm đồ: Thủ tục bắt buộc gồm những gì',1,0),
('Cơ sở kinh doanh thương mại không đặt trụ sở tại khu vực thuộc trường hợp cấm của pháp lý : Nhà tập thể, nhà ở …– Cơ sở kinh doanh thương mại phải cung ứng đủ điều kiện kèm theo về phòng cháy và chữa cháy ;– Cơ sở kinh doanh thương mại phải cung ứng đủ điều kiện kèm theo bảo mật an ninh trật tự, bảo đảm an toàn công cộng .','image','2022/10/23','Điều kiện,thủ tục kinh doanh cầm đồ',1,0),
('Camdonhanh xuất phát từ ý tưởng thay đổi định kiến về dịch vụ cầm đồ, khiến dịch vụ này trở nên an toàn và tiện lợi hơn cho mọi khách hàng. Khách hàng không còn phải đến các tiệm cầm đồ với tâm lý e ngại về lãi suất cao và tài sản không đảm bảo, thay vào đó, camdonhanh hứa hẹn mang đến sự phục vụ tốt nhất với mô hình hỗ trợ tài chính hợp pháp.','image','2022/09/10','Sứ mệnh với dịch vụ cầm đồ',1,0);


